,Unnamed: 0,Condition Name,Overview,Symptoms,Prevention,Treatment
0,,,,,,
1,1,Common cold,"Overview: Your body is aching, your throat is sore, your head is pounding and you cannot stop blowing your nose. The classic symptoms of cold and flu have just hit you and you are bombarded with a host of advice. Since the onset of common cold and flu are extremely similar, it is important to differentiate between the two, in order to follow a correct line of treatment. While both flu and the common cold are respiratory illnesses, the symptoms of flu are a lot worse than simple cold and cough.","The common cold is caused by viruses. Rhinovirus is responsible for around 10-40 per cent of common cold cases. The symptoms of cold may last up to a week and are extremely contagious for the first three days.1.Itchy, scratchy throat (sore throat)2.Runny nose3.Congestion4.Coughing5.Hoarse voice6.Mild fever7.Sneezing8.Dry throat9.Mild headache If you are down with severe cold and cough,you may experience other symptoms like:1.Exhaustion2.Reduction in appetite3.Shivering","The simplest way of preventing any kind of viral infection, including thecommon cold, is to maintain proper hygiene. It is extremely crucial because when anyone catches a cold, he/she becomes contagious about 24 hours before showing symptoms. Here are some of the best ways of limiting your exposure to cold and flu viruses. Washing your hands Avoiding crowded places Learn to practice coughing and sneezing into the inside of your elbow and notyour hands to prevent the spreading of the virus.Make it a point to clean common everyday objects regularly. Some of them are door handles, tabletops, smartphones, tap handles, keyboards, counters etc.Avoid touching your face after sneezing or coughing.Avoid smoking or even passive smoking as it can cause irritation and worsen the symptoms of a cold. Instead of using cloth towels, use paper towels to avoid contamination.","How to treat a common cold? Since the common cold is caused by a virus, taking antibiotics will not do anything.  Here are some of the things that you can do to ease the symptoms:                                            Drink plenty of fluid to avoid dehydration  Over-the-counter medications like decongestants and antihistamines can relieve the                                                                     Rest as much as possible Currently, there is no definitive cure of cold but there are a lot of home remedies which can ease the pain. Some of them are:1.Gargling2.Sipping on warm liquids 3.Taking steam"
2,2,Seasonal Flu,"The signs of cold are usually milder than the flu, as the symptoms of the seasonal flu are far more intense and may even cause serious medical complications including pneumonia. Even if you are taking the required amount of rest and precautions, it is important to consult a doctor, if1. Your coughing does not seem to go away. You might be suffering from either bronchitis or asthma.                                                               2. Your high fever does not seem to go down even after 3 to 5 days.3. You have pain in swallowing and gulping down food. It could be because of a bacterial infection.","seasonal flu is caused by viruses. The seasonal flu is mostly spread by the influenza viruses (A, B and C) which spread when people cough or sneeze without covering their mouths and send out droplets of the virus in the air. 1.Sudden onset of fever2.Throbbing headache3.Muscle ache and soreness4.Chills5.Sore throat6.Fatigue7.Joint pain While you might not need to consult a doctor for seasonal flu, look out for the belowmentioned serious symptoms:1.Fever above 103 Fahrenheit2.Trouble breathing3.Stomach pain4.Vomiting5.Severe sinus pain6.FaintingEmergency warning signs in children:1.No tears while crying2.Not wanting to be held3.Trouble breathing4.Bluish tinge in the colour of the skin","The simplest way of preventing any kind of viral infection, flu, is to maintain proper hygiene. It is extremely crucial because when anyone catches a cold and flu, he/she becomes contagious about 24 hours before showing symptoms. Here are some of the best ways of limiting your exposure to cold and flu viruses.1.Washing your hands                                                   2. Avoiding crowded places 3.Get a flu vaccine4.Learn to practice coughing and sneezing into the inside of your elbow and not your hands to prevent the spreading of the virus.                                                      5. Make it a point to clean common everyday objects regularly. Some of them are door handles, tabletops, smartphones, tap handles, keyboards, counters etc.                                                                           6. Avoid touching your face after sneezing or coughing.                                                                               7. Avoid smoking or even passive smoking as it can cause irritation and worsen the symptoms of a cold. 8. Instead of using cloth towels, use paper towels to avoid contamination.",How to treat seasonal flu? Some of the antiviral drugs that might be prescribed to treat the flu are: Oseltamivir (Tamiflu) Zanamivir (Relenza) Peramivir (Rapivab)
3,3,Headache or Migraine,"Headaches occur in the forehead, temples and back of the head, causing painful pressure or aching. Migraines are typically more intense and severe and can cause pain behind one of your eyes or ears, sensitivity to light or sound, and nausea.","Generally, a headache is not an indicator of a severe medical disorder. However, you should consult a doctor if you experience sudden, severe pain, or if your headache is accompanied by: Weakness, dizziness or loss of balance Difficulty speaking Seizures Blurry vision Fever, shortness of breath, a stiff neck or rash Nausea or vomiting It is also advisable to consult a doctor if you experience more than 3 headaches a week, or severe headaches that regularly interfere with your family or work life.",,"Wrap an ice pack in a cloth and apply it to the painful area, or take a warm shower. A gentle massage may also help to relieve some of the tension in your temples or neck. Maintain pressure for 7 – 15 seconds, then repeat. If you have a migraine, inhaling lavender essential oil for 15 minutes may help to ease the pain. Apply it to the temples or breathe directly over the bottle."
4,4,Allergies,"Allergies occur when your immune system reacts to a foreign substance — such as pollen, bee venom or pet dander — or a food that doesn't cause a reaction in most people.","Allergy symptoms, which depend on the substance involved, can affect your airways,sinuses and nasal passages, skin, and digestive system.Hay fever, also called allergic rhinitis, can cause:SneezingItching of the nose, eyes or roof of the mouthRunny, stuffy noseWatery, red or swollen eyes (conjunctivitis)A food allergy can cause:Tingling in the mouthSwelling of the lips, tongue, face or throatHivesAnaphylaxisAn insect sting allergy can cause:A large area of swelling (edema) at the sting siteItching or hives all over the bodyCough, chest tightness, wheezing or shortness of breathAnaphylaxisA drug allergy can cause:HivesItchy skinRashFacial swellingWheezingAnaphylaxisAtopic dermatitis, an allergic skin condition also called eczema, can cause skin to:ItchReddenFlake or peel",,
5,5,Stomach aches,,,,
6,6,Diarrhea,"Are you witnessing loose, watery and possibly more-frequent bowel movement. It’s a common problem that every 3 person experiences, Diarrhea.","Loose, watery stools                                                Abdominal cramps                                     Abdominal pain                                                Fever                                                                       Blood in the stool                                              Mucus in the stool                                             Bloating                                                            Nausea                                                             Urgent need to have a bowel movement","Watch what you eat.Wash hands frequently/ use hand sanitisersWatch what you drink.Remedies :Drink plenty of clear liquids, including water, broths and juices. Avoid caffeine andalcohol.Add semisolid and low-fiber foods gradually as your bowel movements return to normal.Try soda crackers, toast, eggs, rice or chicken.Avoid certain foods such as dairy products, fatty foods, high-fiber foods or highlyseasoned foods for a few days.Ask about anti-diarrheal medications. Over-the-counter (OTC) anti-diarrhealmedications, such as loperamide and bismuth subsalicylate, might help reduce thenumber of watery bowel movements and control severe symptoms.Check with yourdoctor before taking these medications or giving them to a child.Consider taking probiotics. These microorganisms may help restore a healthy balanceto the intestinal tract by boosting the level of good bacteria, though it's not clear if theycan help shorten a bout of diarrhea. Probiotics are available in capsule or liquid formand are also added to some foods, such as certain brands of yogurt.While you wait for your appointment, you may ease your symptoms if you:Drink more fluids. To help avoid dehydration, drink water, juice and broth.Avoid foods that can aggravate diarrhea. Avoid fatty, high-fibre or highly seasonedfoods.",
7,7,Pink eye,"Pink eye is commonly caused by a bacterial or viral infection, an allergic reaction, or — in babies — an incompletely opened tear duct",The most common pink eye symptoms include: Redness in one or both eyes Itchiness in one or both eyes A gritty feeling in one or both eyes A discharge in one or both eyes that forms a crust during the night that may prevent your eye or eyes from opening in the morning Tearing,"Practice good hygiene to control the spread of pink eye. For instance: Don't touch your eyes with your hands. Wash your hands often. Use a clean towel and washcloth daily. Don't share towels or washcloths. Change your pillowcases often. Throw away your eye cosmetics, such as mascara. Don't share eye cosmetics or personal eye care items.","Doctor may recommend – -using artificial tear - cleaning your eyelids with a wet clot - applying cold or warm compresses several times daily. *If you wear contact lenses, you'll be advised to stop wearing them until treatment is complete."
8,8,Food poisoning:,"Food poisoning (foodborne illness) is a result of eating food that is contaminated – usually because of bacteria or a virus. It can be an inconvenient experience, but it rarely needs medical attention. With the intake of lot of fluids, good hand hygiene and light meals, you should be back in good health in a day or two.","Depending on the type of germ involved, symptoms can arise anytime from one to 36 hours after the consumption of contaminated food You may experience one or more of the following: Nausea Vomiting Diarrhoea Other symptoms may include: Stomach cramps Abdominal pain Loss of appetite High temperature",Practice good hand hygiene. Clean and disinfect food preparation surfaces,"Food poisoning can usually be treated at home, and most cases will resolve within three to five days.-If you have food poisoning, it’s crucial to remain properly hydrated.-Sports drinks high - electrolytes-Fruit juice and coconut water can restore carbohydrates."
9,9,JAUNDICE,Jaundice is a yellowing of the skin and the whites of eyes that happens when the body does notprocess bilirubin properly. This may be due to a problem in the liver.It is also known as icterus.,"a yellow tinge to the skin and the whites of the eyes, normally starting at the head and spreadingdown the bodypale stoolsdark urineitchiness","Jaundice is related to liver function. It is essential that people maintain the health of this vitalorgan by eating a balanced diet, exercising regularly, and not consuming more than therecommended amounts of alcoho","Anemia-induced jaundice may be treated by boosting the amount of iron in the blood by eithertaking iron supplements or eating more iron-rich foods.Hepatitis-induced jaundice requires antiviral or steroid medications.Doctors can treat obstruction-induced jaundice by surgically removing the obstruction.If the jaundice has been caused by use of a medication, treatment for involves changing to analternative medication."
10,10,Decentry,"Dysentery is a type of gastroenteritis that results in diarrhea with blood.[1][7] Other symptoms mayinclude fever, abdominal pain, and a feeling of incomplete defecation","abdominal cramps or painnauseavomitingfever of 100.4°F (38°C) or higherdehydration, which can become life-threatening if left untreated","Wash your hands thoroughly with soap and water after going to the toilet. Read more about howto wash your hands.Stay away from work or school until you've been completely free from any symptoms for at least48 hours.Help young children to wash their hands properly.Do not prepare food for others until you've been free of symptoms for at least 48 hours.Do not go swimming until you've been free of symptoms for at least 48 hours.Where possible, stay away from other people until your symptoms have stopped.Wash all dirty clothes, bedding and towels on the hottest cycle of your washing machine.Clean toilet seats and toilet bowls, flush handles, taps and sinks with detergent and hot waterafter use, followed by a household disinfectant.Avoid sexual contact until you've been free of symptoms for at least 48 hours.","As dysentery usually gets better on its own after 3 to 7 days, treatment is not usually needed.However, it's important to drink plenty of fluids and use oral rehydration solutions if necessaryto avoid dehydration."
11,11,cholerae,"Is an infectious disease that causes severe watery diarrhea, which can lead to dehydration andeven death if untreated. It is caused by eating food or drinking water contaminated with abacterium called Vibrio cholerae.","Rapid heart rateLoss of skin elasticity (the ability to return to original position quickly if pinched)Dry mucous membranes, including the inside of the mouth, throat, nose, and eyelidsLow blood pressureThirstMuscle cramps","1.Make sure to drink and use safe water to brush your teeth, wash and prepare food, and make ice. ...2.Wash your hands often with soap and safe water* ...3.Use latrines or bury your poop; do not poop in any body of water. ...4.Cook food well (especially seafood), keep it covered, and eat it hot.","Rehydration. The goal is to replace lost fluids and electrolytes using a simple rehydrationsolution, oral rehydration salts (ORS). The ORS solution is available as a powder that can be made with boiled or bottled water.Without rehydration, approximately half the people with cholera die. With treatment, fatalities drop to less than 1%.Intravenous fluids. Most people with cholera can be helped by oral rehydration alone, butseverely dehydrated people might also need intravenous fluids.Antibiotics. While not a necessary part of cholera treatment, some antibiotics can reduce cholerarelated diarrhea and shorten how long it lasts in severely ill people.Zinc supplements. Research has shown that zinc might decrease diarrhea and shorten how long itlasts in children with cholera."
12,12,pneumonia,Is a lung infection that can range from mild.It happens when an infection causes the air sacs inyour lungs (your doctor will call them alveoli) to fill with fluid or pus. That can make it hard foryou to breathe in enough oxygen to reach your bloodstream.,"Chest pain when you breathe or coughCough that produces phlegm or mucusFatigue and loss of appetiteFever, sweating, and chillsNausea, vomiting, and diarrheaShortness of breath","1.Wash your hands regularly, especially after you go to the bathroom and before you eat.2.Eat right, with plenty of fruits and vegetables.3.Exercise.4.Get enough sleep.5.Quit smoking.6.Stay away from sick people, if possible","Antibiotics can treat many forms of pneumonia. A highly contagious viral infection which causes an itchy, blister-like rash on the skin."
13,13,Chickenpox,is highly contagious to those who haven't had the disease or been vaccinated against it.,"itch, blister-like rash on the skin.",Chickenpox can be prevented by a vaccine.,"Treatment usually involves relieving symptoms, although high-risk groups may receive antiviralmedication."
14,14,Measles,"Is a viral infection that starts in the respiratory system. It still remains a significant cause of deathworldwide, despite the availability of a safe, effective vaccine.","cough,fever,runny nose,red eyes,sore throat                                                  ","Measles can be prevented by vaccination with the measles, mumps and rubella (MMR) vaccine","There’s no specific treatment for measles. Unlike bacterial infections, viral infections aren’tsensitive to antibiotics. The virus and symptoms typically disappear in about two or three weeks.There are some interventions available for people who may have been exposed to the virus.These can help prevent an infection or lessen its severity. They include:a measles vaccine, given within 72 hours of exposurea dose of immune proteins called immunoglobulin, taken within six days of exposure"
15,15,Kala-Azar,"is a slow progressing indigenous disease caused by a protozoan parasite of the genusLeishmania. The parasite primarily infects the reticulo-endothelial system and may be found inabundance in bone marrow, spleen and liver.","Loss of appetite, pallor and weight loss with progressive emaciationWeakness Skin – Dry, thin and scaly and hair may be lost. Light colored person show grayish discolorationof the skin of hands, feet, abdomen and face which gives the Indian name Kala-Azar meaning“Black fever”.Anemia – develops rapidly Splenomegaly – spleen enlarges rapidly to massive enlargement, usually soft and non-tender.Liver – enlargement not to the extent of spleen, soft, smooth surface, sharp edge.","Avoid outdoor activities, especially from dusk to dawn, when sand flies generally are the most active.When outdoors (or in unprotected quarters): Minimize the amount of exposed(uncovered) skin.To the extent that is tolerable in the climate, wear long-sleeved shirts, longpants, and socks; and tuck your shirt into your pants.-Apply insect repellent to exposed skin and under the ends of sleeves and pant legs. Follow the instructions on the label of the repellent. The most effective repellents generally are those that contain the chemical DEET (N,N–diethylmetatoluamide)-Stay in well-screened or air-conditioned areas.-Keep in mind that sand flies are much smaller than mosquitoes and therefore can get through smaller holes.","Medication exists to kill the parasites. If left untreated, severe cases are typically fatal."
16,16,COVID-19,COVID-19 affects different people in different ways. Most infected people will develop mild tomoderate illness and recover without hospitalization.,"feverdry coughtirednessLess common symptoms:aches and painssore throatdiarrhoeaconjunctivitisheadacheloss of taste or smella rash on skin, or discolouration of fingers or toes",Wear a face coverWash your handsKeep a safe distance,"If you have mild symptoms and are otherwise healthy, self-isolate and contact your medicalprovider"
17,17,Influenza,Is caused by a virus that leads to respiratory illness. It is highly contagious and spreads easilythrough coughs and sneezes of an infected person.,"HeadacheAching limbs and jointsHigh temperatureExhaustion, fatigueShivers, cold sweatGastrointestinal symptoms, which include nausea, diarrhea and vomiting (common in childrenthan adults)",Health experts and government agencies worldwide say that the best way to protect yourselffrom influenza is by getting vaccinated every year.,Stay put at homeAvoid direct contact with people till you are curedKeep your hands protected from germs with the help of Dettol Liquid Handwash or HandSanitiserTake rest and keep yourself warmConsume plenty of liquidsAbstain from drinking alcoholStop smoking
18,18,Alsar,"A sore that develops on the lining of the oesophagus, stomach or small intestine.","Symptoms· Vomiting or vomiting blood — which may appear red or black.· Dark blood in stools, or stools that are black or tarry.· Trouble breathing.· Feeling faint.· Nausea or vomiting.· Unexplained weight loss.· Appetite changes.","Avoid foods that irritate your stomach. ...1. Stop smoking. ...2. Practice moderation. ...3. Take nonsteroidal anti-inflammatory drugs (NSAIDS including aspirin andibuprofen) with food, as this may decrease your risk of irritating the lining of your stomach.4. Learn how to control your stress levels.",
19,19,Gastroesophageal,reflux disease (GERD) occurs when stomach acid frequently flows back into the tubeconnecting your mouth and stomach (esophagus). This backwash (acid reflux) can irritate thelining of your esophagus.," A burning sensation in your chest (heartburn), usually after eating, which might be worse atnight· Chest pain· Difficulty swallowing· Regurgitation of food or sour liquid· Sensation of a lump in your throat",1. Maintain a healthy weight. ...2. Stop smoking. ...3. Elevate the head of your bed. ...4. Don't lie down after a meal. ...5. Eat food slowly and chew thoroughly. ...6. Avoid foods and drinks that trigger reflux. ...7. Avoid tight-fitting clothing.,"Antacids that neutralize stomach acid. Antacids, such as Mylanta, Rolaids and Tums, may provide quick relief. ...· Medications to reduce acid production. ...·Medications that block acid production and heal theesophagus."
20,20,Epistaxis,"Nosebleeds (also called epistaxis) can occur easily because of the location of the nose and theclose-to-the-surface location of blood vessels in the lining of your nose. Most nosebleeds can behandled at home, but certain symptoms should be checked by a physician.","Excess blood loss may cause dizziness and fainting, confusion, loss of alertness andlight-headedness. ... -Bleeding from other body parts like teeth, gums, nostrils, etc.","Avoid blowing your nose too forcefully. Sneeze through an open mouth. Always sneeze intotissue or into the bend of your arm. Avoid putting anything solid into your nose, includingfingers.","Sitting upright, leaning slightly forward and pinching both nostrils shut for 5 to 10 minutes may help stop a nosebleed"
21,21,jock itch,"Tinea cruris, most commonly known as jock itch, is a fungal infection of the skin.It belongs to a group of fungal skin infections called tinea. Like other tinea infections, jock itchis caused by mold-like fungi, which are known as dermatophytes. These microscopic fungi liveon the skin as well as on the hair and nails.","persistent itchingburning sensationflaking, peeling, or cracking skinrash that gets worse with exercise or activitychanges in skin colorrash that doesn’t improve or worsens, or spreads with over-the-counter hydrocortisone(anti-itch) cream",Bathe. Shower or take a bath daily and again after playing sports or workingout.· Stay dry. Pat your groin area dry with a clean towel. ...· Don't share. Don't let others use your towels or other personal items.· Wear clean clothes. ...· Don't wear tight-fitting clothes and underwear.,"Apply an over-the-counter antifungal cream, powder, or spray to the affected area.  Wash the affected area thoroughly with soap and warm water.Dry the affected area thoroughly after bathing and exercise. Change clothes and undergarments every day.Wear loose cotton clothing.Treat any other fungal infections, such as athlete’s foot."
22,22,Fungal infection,"A fungal infection, also called mycosis, is a skin disease caused by a fungus.There are millions of species of fungi. They live in the dirt, on plants, on household surfaces, andon your skin. Sometimes, they can lead to skin problems like rashes or bumps.","A fungal skin infection might cause:Irritation,Scaly skin,Redness,Itching,Swelling,Blisters","To prevent fungal infections from taking a foothold at home, your best defense is to keep skin clean and dry. Change underwear and socks daily. Let your sneakers air out and wash them regularly",Treatments include antifungal medication.
23,23,Abdominal aortic aneurysm,"An abdominal aortic aneurysm (AAA) is a bulge or swelling in the aorta, the main blood vessel that runs from the heart down through the chest and tummy. An AAA can be dangerous if it is not spotted early on. It can get bigger over time and could burst (rupture), causing life-threatening bleeding.",a pulsing sensation in the tummy (like a heartbeat);tummy pain that does not go away;lower back pain that does not go away;,,Treatment for a:1. small AAA (3cm to 4.4cm across) – ultrasound scans are recommended every year to check if it's getting bigger; you'll be advised about healthy lifestyle changes to help stop it growing;2. medium AAA (4.5cm to 5.4cm) – ultrasound scans are recommended every 3 months to check if it's getting bigger; you'll also be advised about healthy lifestyle changes;3. large AAA (5.5cm or more) – surgery to stop it getting bigger or bursting is usually recommended;
24,24,Abortion,An abortion is a procedure to end a pregnancy.It's also sometimes known as a termination of pregnancy.The pregnancy is ended either by taking medicines or having a surgical procedure.,it's normal for chest pain to persist for a while after treatment. Drinking cold water may help relieve this.You should see your GP if you still have swallowing difficulties or are continuing to lose weight after treatmeant.,,surgical abortion – you have a procedure to remove the pregnancy and normally go home soon afterwards
25,25,Abscess,"An abscess is a painful collection of pus, usually caused by a bacterial infection. Abscesses can develop anywhere in the body",a smooth swelling under your skin;pain and tenderness in the affected area;warmth and redness in the affected area;a visible build-up of white or yellow pus under the skin in the affected area;a high temperature;chills;A boil is a common example of a skin abscess;,,antibiotics ;a drainage procedure;surgery;
26,26,Acanthosis nigricans,"Acanthosis nigricans is the name for dry, dark patches of skin that usually appear in the armpits, neck or groin. It could be a sign of an underlying condition, so it needs to be checked by a GP.","The main symptom of acanthosis nigricans is patches of skin that are darker and thicker than usual;Acanthosis nigricans on the neck;The patches are dry and feel similar to velvet;Acanthosis nigricans on the armpit;They're most common in skin folds, such as the armpits, neck or groin;Acanthosis nigricans with skin tags on the armpit;Some people also have tiny growths on the patches;Sometimes the skin may be itchy;",,Medications
27,27,Achalasia,"Achalasia is a rare disorder of the food pipe (oesophagus), which can make it difficult to swallow food and drink.",bringing back up undigested food;choking and coughing fits;heartburn;chest pain;repeated chest infections;drooling of vomit or saliva;gradual but significant weight loss;,,Medication;Stretching the muscle;Botox injection;Surgery;
28,28,Acid and chemical burns,"Burns caused by acid, alkaline or caustic chemicals can be very damaging and need immediate medical attention.",,,continuing to wash off the corrosive substance with water until it's completely removed;cleaning the burn and covering it with an appropriate dressing;pain relief;a tetanus jab if necessary;
29,29,Acid reflux in babies,"Reflux is when a baby brings up milk, or is sick, during or shortly after feeding. It's very common and usually gets better on its own.",bringing up milk or being sick during or shortly after feeding;coughing or hiccupping when feeding;being unsettled during feeding;swallowing or gulping after burping or feeding;crying and not settling;not gaining weight as they're not keeping enough food down;,,Medication; surgery;
30,30,Acne,"Acne is a common skin condition that affects most people at some point. It causes spots, oily skin and sometimes skin that's hot or painful to touch.","a large number of papules and pustules on your chest and back, as well as your face;painful nodules;scarring, or are at risk of scarring;",,"topical retinoids;topical antibiotics;azelaic acid;antibiotic tablets;in women, the combined oral contraceptive pill;"
31,31,Acoustic neuroma (vestibular schwannoma),An acoustic neuroma is a type of non-cancerous (benign) brain tumour. It's also known as a vestibular schwannoma.,"hearing loss that usually only affects 1 ear;hearing sounds that come from inside the body (tinnitus);the sensation that you're moving or spinning (vertigo);persistent headaches;temporary blurred or double vision;numbness, pain or weakness on 1 side of the face;problems with limb co-ordination (ataxia) on 1 side of the body;a hoarse voice or difficulty swallowing;",,"monitoring the tumour – small tumours often just need to be monitored with regular MRI scans, and the treatments below are generally only recommended if scans show it's getting bigger;brain surgery – surgery to remove the tumour through a cut in the skull may be carried out under general anaesthetic if it's large or getting bigger;stereotactic radiosurgery – small tumours, or any pieces of a larger tumour that remain after surgery, may be treated with a precise beam of radiation to stop them getting any bigger;"
32,32,Acromegaly,"Acromegaly is a rare condition where the body produces too much growth hormone, causing body tissues and bones to grow more quickly.","swollen hands and feet – you may notice a change in your ring or shoe size;tiredness and difficulty sleeping, and sometimes sleep apnoea;gradual changes in your facial features, such as your brow, lower jaw and nose getting larger, or your teeth becoming more widely spaced;numbness and weakness in your hands, caused by a compressed nerve (carpal tunnel syndrome);Children and teenagers will be abnormally tall;abnormally large hands and feet;large, prominent facial features (such as the nose and lips) and an enlarged tongue;skin changes – such as thick, coarse, oily skin, skin tags, or sweating too much;deepening of the voice as a result of enlarged sinuses and vocal cords;joint pain;tiredness and weakness;headaches;blurred or reduced vision;loss of sex drive;abnormal periods (in women) and erection problems (in men);",,surgery;medication;Radiotherapy;
33,33,Actinic keratoses (solar keratoses),Actinic keratoses (also called solar keratoses) are dry scaly patches of skin that have been damaged by the sun.,"this is the first time you have noticed patches on your skin;the patches begin to bleed, get bigger, change colour, feel tender or develop into a lump;",,"prescription creams and gels;freezing the patches (cryotherapy), this makes the patches turn into blisters and fall off after a few weeks;surgery to cut out or scrape away the patches – you will be given a local anaesthetic first, so it does not hurt;photodynamic therapy (PDT), where special cream is applied to the patches and a light is shone onto them to kill abnormal skin cells;"
34,34,Actinomycosis,Actinomycosis is a rare type of bacterial infection. It can be very serious but can usually be cured with antibiotics.,,,Medications;surgery;
35,35,Acupuncture,Acupuncture is a treatment derived from ancient Chinese medicine. Fine needles are inserted at certain sites in the body for therapeutic or preventative purposes.,,,
36,36,Acute cholecystitis,Acute cholecystitis is inflammation of the gallbladder. It usually happens when a gallstone blocks the cystic duct.,"The main symptom of acute cholecystitis is a sudden, sharp pain in the upper right-hand side of your tummy (abdomen). This pain spreads towards your right shoulder.;a high temperature (fever);feeling sick;being sick;sweating;loss of appetite;yellowing of the skin and the whites of the eyes (jaundice);a bulge in the tummy;",,Medication; surgery;
37,37,Acute kidney injury,Acute kidney injury (AKI) is where your kidneys suddenly stop working properly. It can range from minor loss of kidney function to complete kidney failure.,feeling sick or being sick;diarrhoea;dehydration;peeing less than usual;confusion;drowsiness;,,surgery;medication;
38,38,Acute lymphoblastic leukaemia,Acute lymphoblastic leukaemia is a type of cancer that affects white blood cells. It progresses quickly and aggressively and requires immediate treatment. Both adults and children can be affected.,"pale skin;feeling tired and breathless;repeated infections over a short time;unusual and frequent bleeding, such as bleeding gums or nosebleeds;high temperature;night sweats;bone and joint pain;easily bruised skin;swollen lymph nodes (glands);tummy (abdominal pain) – caused by a swollen liver or spleen;unintentional weight loss;a purple skin rash (purpura);",,"remission induction – the first stage of treatment aims to kill the leukaemia cells in your bone marrow, restore the balance of cells in your blood and resolve any symptoms you may have;consolidation – this stage aims to kill any remaining leukaemia;maintenance – this stage involves taking regular doses of chemotherapy medicines to prevent leukaemia from returning;"
39,39,Acute myeloid leukaemia,"Leukaemia is cancer of the white blood cells. Acute leukaemia means it progresses quickly and aggressively, and usually requires immediate treatment.","looking pale or ""washed out"";feeling tired or weak;breathlessness;frequent infections;unusual and frequent bruising or bleeding, such as bleeding gums or nosebleeds;losing weight without trying to;",,chemotherapy;Radiotherapy;
40,40,Acute pancreatitis,Acute pancreatitis is a condition where the pancreas becomes inflamed (swollen) over a short period of time.,suddenly getting severe pain in the centre of your tummy (abdomen);feeling or being sick;diarrhoea;a high temperature of 38C or more (fever);,,fluids;oxygen;medications;
41,41,Acute respiratory distress syndrome,Acute respiratory distress syndrome (ARDS) is a life-threatening condition where the lungs cannot provide the body's vital organs with enough oxygen.,"severe shortness of breathrapid, shallow breathingtiredness, drowsiness or confusionfeeling faint",,Medication;
42,42,Addison's disease,"Addison's disease, also known as primary adrenal insufficiency or hypoadrenalism, is a rare disorder of the adrenal glands.",lack of energy or motivation (fatigue);muscle weakness;low mood;loss of appetite and unintentional weight loss;increased thirst;,,Medication;
43,43,Adenoidectomy,An adenoidectomy is an operation to remove the adenoids.,,,
44,44,Age-related cataracts,"Cataracts are when the lens, a small transparent disc inside your eye, develops cloudy patches.",your eyesight is blurred or misty;you find lights too bright or glaring;you find it harder to see in low light;colours look faded;,,"If your cataracts are not too bad, stronger glasses and brighter reading lights may help for a while;"
45,45,Agoraphobia,Agoraphobia is a fear of being in situations where escape might be difficult or that help wouldn't be available if things go wrong.,rapid heartbeat;rapid breathing (hyperventilating);feeling hot and sweaty;feeling sick;chest pain;difficulty swallowing (dysphagia);diarrhoea ;trembling;dizziness ;ringing in the ears (tinnitus);feeling faint;,,Cognitive behavioural therapy (CBT); self help therapy;
46,46,Air or gas embolism,An air or gas embolism is a bubble that becomes trapped in a blood vessel and blocks it.,"joint or muscle pain;low blood pressure, which may cause dizziness;an irregular heartbeat;breathlessness and fast breathing;blurred vision;chest pain;strong feelings of anxiety;itchy skin;a blue tinge to the skin (cyanosis);bloody froth from the mouth;paralysis or weakness, possibly of one or more limbs;fits;loss of consciousness;",,Oxygen Intake
47,47,Albinism,"Albinism affects the production of melanin, the pigment that colours skin, hair and eyes. It's a lifelong condition, but it does not get worse over time.","poor eyesight – either short-sightedness or long-sightedness, and low vision (sight loss that cannot be corrected);astigmatism – where the cornea (clear layer at the front of the eye) is not perfectly curved or the lens is an abnormal shape, causing blurred vision;photophobia – where the eyes are sensitive to light;nystagmus – where the eyes move involuntarily from side to side, causing reduced vision; you do not see the world as ""wobbling"" because your brain adapts to your eye movement;squint – where the eyes point in different directions;",,Glasses; laser treatment;
48,48,Alcohol misuse,"Alcohol misuse is when you drink in a way that's harmful, or when you're dependent on alcohol. To keep health risks from alcohol to a low level, both men and women are advised not to regularly drink more than 14 units a week.",heart disease;stroke;liver disease;liver cancer;bowel cancer;mouth cancer;breast cancer;pancreatitis;,,"counselling – including self-help groups and talking therapies, such as cognitive behavioural therapy (CBT);medicines;detoxification – this involves a nurse or doctor supporting you to safely stop drinking; this can be done by helping you slowly cut down over time or by giving you medicines to prevent withdrawal symptoms;"
49,49,Alcohol poisoning,"Alcohol poisoning occurs when a person drinks a toxic amount of alcohol, usually over a short period of time (binge drinking).",confusion;severely slurred speech;loss of co-ordination;vomiting;irregular or slow breathing;pale or blue-tinged skin caused by low body temperature (hypothermia);being conscious but unresponsive (stupor);passing out and being unconscious;,,"inserting a tube into their mouth and windpipe (intubation) to open the airway, remove any blockages and help with breathing;fitting an intravenous drip, which goes directly into a vein, to top up their water, blood sugar and vitamin levels;fitting a catheter to their bladder to drain urine straight into a bag so they do not wet themselves;"
50,50,Alcohol-related liver disease,Alcohol-related liver disease (ARLD) refers to liver damage caused by excess alcohol intake. There are several stages of severity and a range of associated symptoms.,feeling sick;weight loss;loss of appetite;yellowing of the eyes and skin (jaundice);swelling in the ankles and tummy;confusion or drowsiness;vomiting blood or passing blood in your stools;,,"There's currently no specific medical treatment for ARLD. The main treatment is to stop drinking, preferably for the rest of your life.;"
51,51,Alexander technique,"The Alexander technique teaches improved posture and movement, which is believed to help reduce and prevent problems caused by unhelpful habits.",,,
52,52,Alkaptonuria,"Alkaptonuria, or ""black urine disease"", is a very rare inherited disorder that prevents the body fully breaking down two protein building blocks (amino acids) called tyrosine and phenylalanine.","When a person with alkaptonuria reaches their 20s or 30s, they may start to experience joint problems;An obvious sign of alkaptonuria in adults is thickening and blue-black discolouration of ear cartilage. This is called ochronosis;Discolouration of ear cartilage due to alkaptonuria;Spots on the eye due to alkaptonuria;Breathing difficulties;Heart, kidney and prostate problems;",,Nitisinone;Diet;Exercise;Pain relief;Surgery;
53,53,Allergic rhinitis,"Allergic rhinitis is inflammation of the inside of the nose caused by an allergen, such as pollen, dust, mould or flakes of skin from certain animals"," cold-like symptoms, such as sneezing, itchiness and a blocked or runny nose;",,MEDICATIONS;
54,54,Allergies,An allergy is a reaction the body has to a particular food or substance.,"sneezing;a runny or blocked nose;red, itchy, watery eyes;wheezing and coughing;a red, itchy rash;worsening of asthma or eczema symptoms;",,"antihistamines – these can be taken when you notice the symptoms of a reaction, or before being exposed to an allergen, to stop a reaction occurringdecongestants – tablets, capsules, nasal sprays or liquids that can be used as a short-term treatment for a blocked nose;lotions and creams, such as moisturising creams (emollients) – these can reduce skin redness and itchiness;steroid medicines – sprays, drops, creams, inhalers and tablets that can help reduce redness and swelling caused by an allergic reaction;"
55,55,Altitude sickness,You can get altitude sickness if you travel to a high altitude too quickly.,headache;feeling and being sick;dizziness;tiredness;loss of appetite;shortness of breath;,,"stop and rest where you are;do not go any higher for at least 24 to 48 hours;if you have a headache, take ibuprofen or paracetamol;if you feel sick, take an anti-sickness medicine, such as promethazine;make sure you're drinking enough water;do not smoke, drink alcohol, or exercise;"
56,56,Alzheimer's disease,Alzheimer's disease is the most common type of dementia in the UK.,"confusion, disorientation and getting lost in familiar places;difficulty planning or making decisions;problems with speech and language;problems moving around without assistance or performing self-care tasks;personality changes, such as becoming aggressive, demanding and suspicious of others;hallucinations (seeing or hearing things that are not there) and delusions (believing things that are untrue);low mood or anxiety;",,"There's currently no cure for Alzheimer's disease, but medicines are available that can help relieve some of the symptoms;"
57,57,Amblyopia,"A ""lazy eye"" is a childhood condition where the vision does not develop properly. It's known medically as amblyopia.","a squint – where the weaker eye looks inwards, outwards, upwards or downwards, while the other eye looks forwards;short-sightedness (myopia), long-sightedness (hyperopia) and astigmatism;childhood cataracts – cloudy patches that develop in the lens, which sits behind the iris (the coloured part of the eye) and pupil;",,Sergery;
58,58,Amnesia,"Most people forget things from time to time, but see a GP if you keep having problems with your memory. It could be caused by something that can be treated.",stress;anxiety or depression;sleeping problems (insomnia);,,medication;
59,59,Amniocentesis,"Amniocentesis is a test you may be offered during pregnancy to check if your baby has a genetic or chromosomal condition, such as Down's syndrome, Edwards' syndrome or Patau's syndrome.",,,
60,60,Amputation,"An amputation is the surgical removal of part of the body, such as an arm or leg.",,,
61,61,Amyloidosis,"Amyloidosis is the name for a group of rare, serious conditions caused by a build-up of an abnormal protein called amyloid in organs and tissues throughout the body.","Kidney failure;Heart failure;feeling lightheaded or fainting, particularly after standing or sitting upnumbness or a tingling feeling in the hands and feet (peripheral neuropathy);nausea, diarrhoea or constipation;numbness, tingling and pain in the wrist, hand and fingers (carpal tunnel syndrome);easy bruising;",,There is not currently a cure for amyloidosis.
62,62,Anabolic steroid misuse,Anabolic steroids are prescription-only medicines that are sometimes taken without medical advice to increase muscle mass and improve athletic performance.,,, 
63,63,Anaemia (iron deficiency),"Iron deficiency anaemia is caused by lack of iron, often because of blood loss or pregnancy. It's treated with iron tablets prescribed by a GP and by eating iron-rich foods.",tiredness and lack of energy;shortness of breath;noticeable heartbeats (heart palpitations);pale skin;,,medications;
64,64,Anaemia (vitamin B12 or folate deficiency),Vitamin B12 or B9 (commonly called folate) deficiency anaemia occurs when a lack of vitamin B12 or folate causes the body to produce abnormally large red blood cells that cannot function properly.,"extreme tiredness;a lack of energy;pins and needles (paraesthesia);a sore and red tongue;mouth ulcers;muscle weakness;disturbed vision;psychological problems, which may include depression and confusionproblems with memory, understanding and judgement;",,medications;
65,65,Anaesthesia,"Anaesthesia means ""loss of sensation"". Medications that cause anaesthesia are called anaesthetics.",,,
66,66,Anal cancer,Anal cancer is a rare type of cancer that affects the anus (the end of the bowel).,bleeding from the bottom (rectal bleeding);itching and pain around the anus;small lumps around the anus;a discharge of mucus from the anus;loss of bowel control (bowel incontinence);,,chemoradiation – a combination of chemotherapy and radiotherapy;surgery – to remove a tumour or a larger section of bowel;
67,67,Anal fissure,"An anal fissure is a tear or open sore (ulcer) that develops in the lining of the large intestine, near the anus.","a sharp pain when you poo, often followed by a deep burning pain that may last several hours;bleeding when you poo – most people notice a small amount of bright red blood either in their poo or on the toilet paper;",,Medication;surgery;
68,68,Anal fistula,An anal fistula is a small tunnel that develops between the end of the bowel and the skin near the anus (where poo leaves the body).,"skin irritation around the anus;a constant, throbbing pain that may be worse when you sit down, move around, poo or cough;smelly discharge from near your anus; passing pus or blood when you poo;swelling and redness around your anus and a high temperature (fever) if you also have an abscess;difficulty controlling bowel movements (bowel incontinence) in some cases;",,a fistulotomy – a procedure that involves cutting open the whole length of the fistula so it heals into a flat scar;seton procedures – where a piece of surgical thread called a seton is placed in the fistula and left there for several weeks to help it heal before a further procedure is carried out to treat it;
69,69,Anal pain,"Anal pain (pain in the bottom) can be distressing, but it's often just the result of a minor, treatable problem.","a severe, sharp pain when doing a poo;a burning or gnawing pain that lasts several hours after doing a poo;rectal bleeding – you may notice a small amount of blood on the toilet paper after you wipe;",,Medications;
70,70,Anaphylaxis,Anaphylaxis is a severe and potentially life-threatening reaction to a trigger such as an allergy.,"feeling lightheaded or faint;breathing difficulties – such as fast, shallow breathing;wheezing;a fast heartbeat;clammy skin;confusion and anxiety;collapsing or losing consciousness;",,Medications;
71,71,Androgen insensitivity syndrome,Androgen insensitivity syndrome (AIS) is a rare condition that affects the development of a child's genitals and reproductive organs.,,,
72,72,Aneurysm (abdominal aortic),"An abdominal aortic aneurysm (AAA) is a bulge or swelling in the aorta, the main blood vessel that runs from the heart down through the chest and tummy.",a pulsing sensation in the tummy (like a heartbeat);tummy pain that does not go away;lower back pain that does not go away;,,surgery;
73,73,Aneurysm (brain),"An aneurysm is a bulge in a blood vessel caused by a weakness in the blood vessel wall, usually where it branches.","a sudden agonising headache – it's been described as a ""thunderclap headache"", similar to a sudden hit on the head, resulting in a blinding pain unlike anything experienced before;a stiff neck;sickness and vomiting;pain on looking at light;",,"If a brain aneurysm is detected before it ruptures, treatment may be recommended to prevent it rupturing in future;"
74,74,Angelman syndrome,Angelman syndrome is a genetic condition that affects the nervous system and causes severe physical and learning disabilities.,"frequent laughter and smiling, often with little stimulus;being easily excitable, often flapping the hands;being restless (hyperactive);having a short attention span;trouble sleeping and needing less sleep than other children;a particular fascination with water;",,"anti-epileptic medicine to control seizures;physiotherapy may improve posture, balance and walking ability; it's also important to prevent permanent stiffening of the joints as people with Angelman syndrome get older;communication therapy may help them develop non-verbal language skills, such as sign language and using visual aids; using iPad applications and similar tablet devices may also help;behavioural therapy may be recommended to help overcome behaviours you find hard to manage, such as hyperactivity and a short attention span;"
75,75,Angina,"Angina is chest pain caused by reduced blood flow to the heart muscles. It's not usually life threatening, but it's a warning sign that you could be at risk of a heart attack or stroke.","feels tight, dull or heavy – it may spread to your left arm, neck, jaw or back;is triggered by physical exertion or stress;stops within a few minutes of resting;",,You'll probably need to take several different medicines for the rest of your life.;
76,76,Angioedema,"Angioedema is swelling underneath the skin. It's usually a reaction to a trigger, such as a medicine or something you're allergic to;",The swelling most often affects the:hands;feet;area around the eyes;lips and tongue;genitals;,,"Angioedema can usually be treated at home, although treatment in hospital may be necessary in serious cases."
77,77,Angiography,Angiography is a type of X-ray used to check blood vessels.,,,
78,78,Angioplasty,A coronary angioplasty is a procedure used to widen blocked or narrowed coronary arteries (the main blood vessels supplying the heart).,,,
79,79,Ankle pain,Foot pain,,,
80,80,Ankylosing spondylitis,Ankylosing spondylitis (AS) is a long-term condition in which the spine and other areas of the body become inflamed.,back pain and stiffness;pain and swelling in other parts of the body – caused by inflammation of the joints (arthritis) and inflammation where a tendon joins a bone (enthesitis);extreme tiredness (fatigue);,,"exercises carried out individually or in groups to reduce pain and stiffness;physiotherapy – where physical methods, such as massage and manipulation, are used to improve comfort and spinal flexibility;medicine to help relieve pain and reduce inflammation– such as painkillers, anti-tumour necrosis factor (TNF) medication and other forms of biological therapy;"
81,81,Anorexia nervosa,Anorexia is an eating disorder and serious mental health condition.,"missing meals, eating very little or avoid eating any foods you see as fattening;lying about what and when you've eaten, and how much you weigh;taking medicine to reduce your hunger (appetite suppressants), such as slimming or diet pills;exercising excessively, making yourself sick, or using medicine to help you poo (laxatives) or to make you pee (diuretics) to try to avoid putting on weight;an overwhelming fear of gaining weight;strict rituals around eating;seeing losing a lot of weight as a positive thing;believing you are fat when you are a healthy weight or underweight;not admitting your weight loss is serious;You may also notice physical signs and symptoms such as:if you're under 18, your weight and height being lower than expected for your age;if you're an adult, having an unusually low body mass index (BMI);your periods stopping (in women who have not reached menopause) or not starting (in younger women and girls);bloating, constipation and abdominal pain;headaches or problems sleeping;feeling cold, dizzy or very tired;poor circulation in hands and feet;dry skin, hair loss from the scalp, or fine downy hair growing on the body;reduced sex drive;",,Treatment for anorexia usually involves a combination of talking therapy and supervised weight gain.;Cognitive behavioural therapy (CBT);Maudsley Anorexia Nervosa Treatment for Adults;Focal psychodynamic therapy;
82,82,Anosmia,A change in your sense of smell can be unpleasant and affect how things taste. But it is not usually serious and may get better in a few weeks or months., sense of smell does not go back to normal in a few weeks;,,AbScent: smell training;Fifth Sense: smell testing and training;
83,83,Anosmia,A change in your sense of smell can be unpleasant and affect how things taste. But it is not usually serious and may get better in a few weeks or months., sense of smell does not go back to normal in a few weeks;,,AbScent: smell training;Fifth Sense: smell testing and training;
84,84,Antacids,Antacids are medicines that counteract (neutralise) the acid in your stomach to relieve indigestion and heartburn.,,,
85,85,Antibiotics,Antibiotics are used to treat or prevent some types of bacterial infection. They work by killing bacteria or preventing them from spreading. But they do not work for everything.,,,
86,86,Anticoagulant medicines,"Anticoagulants are medicines that help prevent blood clots. They're given to people at a high risk of getting clots, to reduce their chances of developing serious conditions such as strokes and heart attacks.",,,
87,87,Antidepressants,Antidepressants are a type of medicine used to treat clinical depression.,,,
88,88,Antifungal medicines,"Antifungal medicines are used to treat fungal infections, which most commonly affect your skin, hair and nails.",,,
89,89,Antihistamines,"Antihistamines are medicines often used to relieve symptoms of allergies, such as hay fever, hives, conjunctivitis and reactions to insect bites or stings.",,,
90,90,Antiphospholipid syndrome (APS),"Antiphospholipid syndrome (APS), sometimes known as Hughes syndrome, is a disorder of the immune system that causes an increased risk of blood clots.","high blood pressure;deep vein thrombosis (DVT);a stroke or a transient ischaemic attack (TIA) (""mini-stroke"");heart attacks;pulmonary embolism (a blockage in one of the blood vessels in the lungs);People with APS may also experience any of the following symptoms:balance and mobility problems;vision problems, such as double vision;speech and memory problems;a tingling sensation or pins and needles in your arms or legs;fatigue (extreme tiredness);repeated headaches or migraines;",,"An anticoagulant medicine, such as warfarin, or an antiplatelet, such as low-dose aspirin, is usually prescribed."
91,91,Antisocial personality disorder,"Personality disorders are mental health conditions that affect how someone thinks, perceives, feels or relates to others.","exploit, manipulate or violate the rights of others;lack concern, regret or remorse about other people's distress;behave irresponsibly and show disregard for normal social behaviour;have difficulty sustaining long-term relationships;be unable to control their anger;lack guilt, or not learn from their mistakes;blame others for problems in their livesrepeatedly break the law;",,Talking therapies;medications;
92,92,Anus (itchy),You can often do simple things yourself to ease an itchy bottom (anus). See a GP if the itching does not stop.,,,cleaning;medications;
93,93,Anxiety disorder in adults,"Anxiety is a feeling of unease, such as worry or fear, that can be mild or severe.","restlessness;a sense of dread;feeling constantly ""on edge"";dizziness;tiredness;a noticeably strong, fast or irregular heartbeat (palpitations);muscle aches and tension;trembling or shaking;dry mouth;excessive sweating;shortness of breath;stomach ache;feeling sick;headache;pins and needles;difficulty falling or staying asleep (insomnia);difficulty concentrating;irritability;",,Psychological therapies for GAD;Cognitive behavioural therapy (CBT);Applied relaxation
94,94,Anxiety disorders in children,"It's normal for children to feel worried or anxious from time to time – such as when they're starting school or nursery, or moving to a new area.","finding it hard to concentrate;not sleeping, or waking in the night with bad dreams;not eating properly;quickly getting angry or irritable, and being out of control during outbursts;constantly worrying or having negative thoughts;feeling tense and fidgety, or using the toilet often;always crying;being clingy;complaining of tummy aches and feeling unwell;",,Counselling can help your child understand what's making them anxious and allow them to work through the situation;Cognitive behavioural therapy (CBT) is a talking therapy that can help your child manage their anxiety by changing the way they think and behave. Learn more about CBT;Anxiety medicines may be offered to your child if their anxiety is severe or does not get better with talking therapies. They're usually only prescribed by doctors who specialise in children and young people's mental health.;
95,95,Aortic valve replacement,An aortic valve replacement is a type of open heart surgery used to treat problems with the heart's aortic valve.,,,
96,96,Aphasia,"Aphasia is when a person has difficulty with their language or speech. It's usually caused by damage to the left side of the brain (for example, after a stroke).",People with aphasia often have trouble with the 4 main ways people understand and use language.These are:reading;listening;speaking;typing or writing;,,Speech and language therapy is the main type of treatment for people with aphasia;
97,97,Appendicitis,"Appendicitis is a painful swelling of the appendix. The appendix is a small, thin pouch about 5 to 10cm (2 to 4 inches) long. It's connected to the large intestine, where poo forms.","Appendicitis typically starts with a pain in the middle of your tummy (abdomen) that may come and go;Within hours, the pain travels to the lower right-hand side, where the appendix usually lies, and becomes constant and severe;Pressing on this area, coughing or walking may make the pain worse;",,"If you have appendicitis, it's likely your appendix will need to be removed as soon as possible;"
98,98,Arrhythmia,Arrhythmias or heart rhythm problems are experienced by more than 2 million people a year in the UK. Most people with an abnormal heart rhythm can lead a normal life if it is properly diagnosed.,"atrial fibrillation (AF) – this is the most common type, where the heart beats irregularly and faster than normal;supraventricular tachycardia – episodes of abnormally fast heart rate at rest;bradycardia – the heart beats more slowly than normal;heart block – the heart beats more slowly than normal and can cause people to collapse;ventricular fibrillation – a rare, rapid and disorganised rhythm of heartbeats that rapidly leads to loss of consciousness and sudden death if not treated immediately;",,medication – to stop or prevent an arrhythmia or control the rate of an arrhythmia;cardioversion – a treatment that uses electricity to shock the heart back into a normal rhythm while you are anaesthetised or sedated;catheter ablation – a keyhole treatment under local or general anaesthetic that carefully destroys the diseased tissue in your heart that causes the arrhythmia;pacemaker – a small device containing its own battery that is implanted in your chest under local anaesthetic; it produces electrical signals to do the work of the natural pacemaker in your heart to help it beat at a normal rate;ICD – a device similar to a pacemaker that monitors your heart rhythm and shocks your heart back into a normal rhythm whenever this is needed;
99,99,Arterial thrombosis,"Arterial thrombosis is a blood clot in an artery, which can be very serious because it can stop blood reaching important organs.","a heart attack, when blood flow to the heart muscle is suddenly blocked, causing chest pain, shortness of breath and dizziness;a stroke, when blood flow to the brain is cut off; the main symptoms are one side of the face dropping, weakness in one side of the body and slurred speech;a transient ischaemic attack (TIA) or ""mini-stroke"", when blood flow to the brain is temporarily blocked, causing short-lived stroke symptoms;critical limb ischaemia (a complication of peripheral arterial disease), when the blood supply to a limb is blocked, causing it to become painful, discoloured (either pale or blue) and cold;",,"injections of a medicine called a thrombolytic which can dissolve some blood clots;an operation to remove the clot (embolectomy);an operation to widen the affected artery – for example, an angioplasty (where a hollow tube is placed inside the artery to hold it open);surgery to divert blood around the blocked artery – for example, a coronary artery bypass graft (where a blood vessel taken from another part of the body is used to bypass a blockage in the artery that supplies the heart muscle);"
100,100,Arthritis,Arthritis is a common condition that causes pain and inflammation in a joint.,"joint pain, tenderness and stiffness;inflammation in and around the joints;restricted movement of the joints;warm red skin over the affected joint;weakness and muscle wasting;",,"Osteoarthritis treatments include lifestyle changes, medicines and surgery;Treatment for rheumatoid arthritis aims to slow the condition's progress and minimise joint inflammation. This helps prevent joint damage;"
101,101,Arthroscopy,An arthroscopy is a type of keyhole surgery used to diagnose and treat problems with joints.,,,
102,102,Asbestosis,Asbestosis is a serious lung condition caused by long-term exposure to asbestos.,"shortness of breath;persistent cough;wheezing;extreme tiredness (fatigue);pain in your chest or shoulder;in more advanced cases, clubbed (swollen) fingertips;",,pulmonary rehabilitation – a programme of exercises and education to help manage your symptoms;oxygen therapy – breathing in oxygen-rich air from a machine or tank to help improve breathlessness if your blood oxygen levels are low;inhaler to ease breathing (if your symptoms are mild);
103,103,Asperger's,Autism,"not responding to their name;avoiding eye contact;not smiling when you smile at them;getting very upset if they do not like a certain taste, smell or sound;repetitive movements, such as flapping their hands, flicking their fingers or rocking their body;not talking as much as other children;repeating the same phrases;not seeming to understand what others are thinking or feeling;finding it hard to say how they feel;liking a strict daily routine and getting very upset if it changes;having a very keen interest in certain subjects or activities;getting very upset if you ask them to do something;finding it hard to make friends or preferring to be on their own;taking things very literally – for example, they may not understand phrases like ""break a leg"";",,no treatment
104,104,Aspergillosis,Aspergillosis is a condition caused by aspergillus mould. There are several different types of aspergillosis. Most affect the lungs and cause breathing difficulties.,shortness of breath;a cough – you may cough up blood or lumps of mucus;wheezing (a whistling sound when breathing);a high temperature of 38C or above;weight loss;,,Medications;
105,105,Aspirin,"Aspirin is an everyday painkiller for aches and pains such as headache, toothache and period pain. It can also be used to treat colds and ""flu-like"" symptoms, and to bring down a high temperature. It is also known as acetylsalicylic acid.",,,
106,106,Asthma,Asthma is a common lung condition that causes occasional breathing difficulties.,"wheezing (a whistling sound when breathing);breathlessness;a tight chest – it may feel like a band is tightening around it;wheezing, coughing and chest tightness becoming severe and constant;being too breathless to eat, speak or sleep;breathing faster;a fast heartbeat;drowsiness, confusion, exhaustion or dizziness;blue lips or fingers;fainting;coughing;",,Inhalers;Medications;
107,107,Astigmatism,"Astigmatism, along with short-sightedness and long-sightedness, is a common cause of blurry vision. It's usually corrected with glasses or contact lenses.","blurred vision;headaches;eye strain (you may notice this after concentrating for a long time – on a computer, for example);",,Glasses;lenses;surgey;
108,108,Ataxia,"Ataxia is a term for a group of disorders that affect co-ordination, balance and speech.","Difficulties in: balance and walking;speaking;swallowing;tasks that require a high degree of control, such as writing and eating;vision ;",,"speech and language therapy to help with speech and swallowing problems;physiotherapy to help with movement problems;occupational therapy to help you cope with the day-to-day problems;medication to control muscle, bladder, heart and eye problems;"
109,109,Atherosclerosis (arteriosclerosis),"Atherosclerosis is a potentially serious condition where arteries become clogged with fatty substances called plaques, or atheroma.",Strokes ;Heart attacks;,,"statins for high cholesterol – read more about treating high cholesterol;medicines for high blood pressure – read more about treating high blood pressure;medicines to reduce the risk of blood clots – such as low-dose aspirin or clopidogrel;dietary changes and medication for diabetes – read more about type 1 diabetes and treating type 2 diabetes;a procedure to widen or bypass an affected artery – such as a coronary angioplasty, a coronary artery bypass graft or a carotid endarterectomy;"
110,110,Athlete's foot,"Athlete's foot is a common fungal infection that affects the feet. You can usually treat it with creams, sprays or powders from a pharmacy, but it can keep coming back.","Itchy white patches between your toes;Red, flaky patch on foot caused by athlete's foot;Red, sore and flaky patches on your feet;Cracked skin between toes caused by athlete's foot;Skin that may crack and bleed;",,creams;sprays;powders;
111,111,Atopic eczema,"Atopic eczema (atopic dermatitis) is the most common form of eczema, a condition that causes the skin to become itchy, dry and cracked.","Atopic eczema causes areas of skin to become itchy, dry, cracked and sore.",,emollients (moisturisers) – used every day to stop the skin becoming dry;topical corticosteroids – creams and ointments used to reduce swelling and redness during flare-ups;
112,112,Atrial fibrillation,Atrial fibrillation is a heart condition that causes an irregular and often abnormally fast heart rate., dizziness; shortness of breath; tiredness;,,medicines to prevent a stroke (people with atrial fibrillation are more at risk of having a stroke);medicines to control the heart rate or rhythm;cardioversion – where the heart is given a controlled electric shock to restore normal rhythm;catheter ablation – where the area inside the heart that's causing the abnormal heart rhythm is destroyed using radiofrequency energy; afterwards you may then need to have a pacemaker fitted to help your heart beat regularly;
113,113,Attention deficit hyperactivity disorder (ADHD),"Attention deficit hyperactivity disorder (ADHD) is a condition that affects people's behaviour. People with ADHD can seem restless, may have trouble concentrating and may act on impulse .","having a short attention span and being easily distracted;making careless mistakes – for example, in schoolwork;appearing forgetful or losing things;being unable to stick to tasks that are tedious or time-consuming;appearing to be unable to listen to or carry out instructions;constantly changing activity or task;having difficulty organising tasks;",,Medicine;Therapy;Psychoeducation;Behaviour therapy;Parent training and education programmes;Cognitive behavioural therapy (CBT)
114,114,Auditory processing disorder (APD),"Auditory processing disorder (APD) is where you have difficulty understanding sounds, including spoken words. There are things you can do that can help.",people speaking in noisy placespeople with strong accents or fast talkerssimilar sounding wordsspoken instructions,,There is no cure for APD but there are things that can help;Treatment usually involves activities to improve listening and concentration;
115,115,Autism,Autism,"not responding to their name;avoiding eye contact;not smiling when you smile at them;getting very upset if they do not like a certain taste, smell or sound;repetitive movements, such as flapping their hands, flicking their fingers or rocking their body;not talking as much as other children;repeating the same phrases;not seeming to understand what others are thinking or feeling;finding it hard to say how they feel;liking a strict daily routine and getting very upset if it changes;having a very keen interest in certain subjects or activities;getting very upset if you ask them to do something;finding it hard to make friends or preferring to be on their own;taking things very literally – for example, they may not understand phrases like ""break a leg"";",,no treatment
116,116,Autosomal dominant polycystic kidney disease,Autosomal dominant polycystic kidney disease (ADPKD) is an inherited condition that causes small fluid-filled sacs called cysts to develop in the kidneys.,"pain in your tummy (abdomen), side or lower back;blood in your urine (haematuria);high blood pressure (hypertension);kidney stones;recurrent urinary tract infections (UTIs);eventually, loss of kidney function (chronic kidney disease, or CKD);",,"There's currently no cure for autosomal dominant polycystic kidney disease (ADPKD), and it's not possible to stop cysts forming in the kidneys."
117,117,Autosomal recessive polycystic kidney disease,"Autosomal recessive polycystic kidney disease (ARPKD) is a rare inherited childhood condition where the development of the kidneys and liver is abnormal. Over time, either one of these organs may fail.","underdeveloped lungs, which can cause severe breathing difficulties soon after birth;high blood pressure (hypertension);excessive peeing and thirst;problems with blood flow through the liver, which can lead to serious internal bleeding;a progressive loss of kidney function, known as chronic kidney disease (CKD) ;",,There's currently no cure for autosomal recessive polycystic kidney disease (ARPKD).
118,118,Avian flu,"Bird flu, or avian flu, is an infectious type of influenza that spreads among birds. In rare cases, it can affect humans.",a very high temperature or feeling hot or shivery;aching muscles;headache;a cough;Other early symptoms may include:diarrhoea;sickness;stomach pain;chest pain;bleeding from the nose and gums;conjunctivitis;,,"If it's thought you might have symptoms of bird flu you'll be advised to stay at home, or you'll be cared for in hospital in isolation from other patients.You may be given an antiviral medicine such as oseltamivir (Tamiflu) or zanamivir (Relenza);"
119,119,Baby,,,,
120,120,Back pain,Back pain is very common and usually improves within a few weeks or months.,,,"group exercise classes where you're taught exercises to strengthen your muscles and improve your posture;manual therapy treatments, such as manipulating the spine and massage, which are usually done by a physiotherapist, chiropractor or osteopath;psychological support, such as cognitive behavioural therapy (CBT), which can be a useful part of treatment if you're struggling to cope with pain;"
121,121,Bacterial vaginosis,"Bacterial vaginosis (BV) is a common cause of unusual vaginal discharge. BV is not a sexually transmitted infection (STI), but it can increase your risk of getting an STI such as chlamydia.","You may notice a change to the colour and consistency of your discharge, such as becoming greyish-white and thin and watery.",,Bacterial vaginosis is usually treated with antibiotic tablets or gels or creams.
122,122,Bad breath,Bad breath (sometimes called halitosis) is very common. You can usually treat it yourself.,,,
123,123,Baker's cyst,"A Baker's cyst, also called a popliteal cyst, is a fluid-filled swelling that develops at the back of the knee.",pain in the knee and calf;a build-up of fluid around the knee;occasional locking or clicking in the knee joint;,,Medications;
124,124,Balanitis,Balanitis is when the head of the penis is swollen and sore.,"red, swollen, itchy and sore;Other symptoms can include:pain when peeing;a thick discharge that comes from under your foreskin;bleeding around your foreskin;an unpleasant smell;difficulty pulling back your foreskin – though in young children it's normal to have a tight foreskin;",,a mild steroid cream or ointment;an antifungal cream or ointment;antibiotics;
125,125,Barium enema,A barium enema is a test that helps to highlight the large bowel so it can be clearly seen on an X-ray.,,,
126,126,Bartholin's cyst,"A Bartholin's cyst, also called a Bartholin's duct cyst, is a small fluid-filled sac just inside the opening of a woman's vagina.","You may feel a soft, painless lump. This does not usually cause any problems;",,soaking the cyst in warm water several times a day for 3 or 4 days and taking painkillers ;
127,127,Basal cell carcinoma,Skin cancer is one of the most common cancers in the world. Non-melanoma skin cancer refers to a group of cancers that slowly develop in the upper layers of the skin.,lump or discoloured patch on the skin that persists after a few weeks and slowly progresses over months or sometimes years;,,surgery;radiotherapy;
128,128,Bedbugs,"Bedbugs are small insects that often live on furniture or bedding. Their bites can be itchy, but do not usually cause other health problems.",,,
129,129,Bedwetting in children,"Bedwetting is common and often runs in families. It can be upsetting, but most children and young people will grow out of it. See a GP or school nurse for advice.",,,a bedwetting alarm;medicine to reduce how much pee your child makes at night;
130,130,Behçet's disease,"Behçet's disease, or Behçet's syndrome, is a rare and poorly understood condition that results in inflammation of the blood vessels and tissues.","genital and mouth ulcers;red, painful eyes and blurred vision;acne-like spots;headaches;painful, stiff and swollen joints;",,steroids – powerful anti-inflammatory medicines;immunosuppressants – medicines that reduce the activity of the immune system;biological therapies – medicines that target the biological processes involved in the process of inflammation;
131,131,Being sick,"Diarrhoea and vomiting are common in adults, children and babies. They're often caused by a stomach bug and should stop in a few days.",,,
132,132,Bell's palsy,Bell's palsy is temporary weakness or lack of movement affecting 1 side of the face. Most people get better within 9 months.,"weakness or total paralysis on 1 side of your face that develops quickly within 72 hours;a drooping eyelid or corner of the mouth;drooling;a dry mouth;a loss of taste;eye irritation, such as dryness or more tears;",,a 10-day course of steroid medicine;eyedrops and eye ointment to stop the affected eye drying out;surgical tape to keep the eye closed at bedtime;
133,133,Benign brain tumour (non-cancerous),A benign (non-cancerous) brain tumour is a mass of cells that grows relatively slowly in the brain.,"new, persistent headaches;seizures (epileptic fits);feeling sick all the time, being sick, and drowsiness;mental or behavioural changes, such as changes in personality;weakness or paralysis, vision problems, or speech problems;",,surgery;radiotherapy; chemotherapy;
134,134,Benign prostate enlargement,"Benign prostate enlargement (BPE) is the medical term to describe an enlarged prostate, a condition that can affect how you pee (urinate).",difficulty starting to pee;a frequent need to pee;difficulty fully emptying your bladder;,,"drinking less alcohol, caffeine and fizzy drinks;limiting your intake of artificial sweeteners;exercising regularly;drinking less in the evening;surgery;"
135,135,Beta blockers,Beta blockers work mainly by slowing down the heart. They do this by blocking the action of hormones like adrenaline.,,,
136,136,Bile duct cancer (cholangiocarcinoma),"Bile duct cancer, also called cholangiocarcinoma, is a cancer that's found anywhere in the bile ducts;The bile ducts are small tubes that connect different organs. They are part of the digestive system;How serious bile duct cancer is depends on where it is in the bile ducts, how big it is, if it has spread and your general health;","your skin or the whites of your eyes turn yellow (jaundice), you may also have itchy skin, darker pee and paler poo than usual;loss of appetite or losing weight without trying to;feeling generally unwell;feeling tired or having no energy;a high temperature, or you feel hot or shivery;Other symptoms can affect your tummy, such as:feeling or being sick;pain in your tummy;",,surgery;radiotherapy; chemotherapy;
137,137,Fever,"an abnormally high body temperature, usually accompanied by shivering, headache, and in severe instances, delirium.","Sweating.
Chills and shivering.
Headache.
Muscle aches.
Loss of appetite.
Irritability.
Dehydration.
General weakness.","Wash your hands often, especially before eating, after using the toilet, and after being around large numbers of people. Carry hand sanitizer or antibacterial wipes with you. Avoid touching your nose, mouth, or eyes.","Take your temperature and assess your symptoms. ...
Stay in bed and rest. Keep hydrated. Take over-the-counter medications like acetaminophen and ibuprofen to reduce fever. Take tepid baths or using cold compresses to make you more comfortable."
